date,value,ma_short,ma_long
2014-01-02,69.955,69.955,69.955
2014-01-03,87.58,78.7675,78.7675
2014-01-04,,78.7675,78.7675
2014-01-05,,78.7675,78.7675
2014-01-06,87.79,81.77499999999999,81.77499999999999
2014-01-07,52.93,76.10000000000001,74.56375
2014-01-08,88.42,76.38000000000001,77.33500000000001
2014-01-09,86.0,78.785,78.77916666666667
2014-01-10,53.57,73.742,75.17785714285715
2014-01-11,,70.23,75.17785714285715
2014-01-12,,75.99666666666668,75.17785714285715
2014-01-13,53.22,64.26333333333334,72.433125
2014-01-14,86.45,64.41333333333334,73.99055555555555
2014-01-15,87.08,75.58333333333333,75.2995
2014-01-16,153.75,95.125,82.43136363636364
2014-01-17,53.84,86.86800000000001,80.04875
2014-01-18,,95.28,80.04875
2014-01-19,,98.22333333333334,80.04875
2014-01-20,,103.79500000000002,80.04875
2014-01-21,54.42,54.13,78.0773076923077
2014-01-22,92.24,73.33,79.08892857142857
2014-01-23,53.77,66.81,77.93285714285716
2014-01-24,53.7,63.5325,75.51285714285714
2014-01-25,,63.5325,75.51285714285714
2014-01-26,,66.57,75.51285714285714
2014-01-27,89.37,65.61333333333333,75.62571428571428
2014-01-28,74.26,72.44333333333333,77.14928571428571
2014-01-29,73.71,79.11333333333333,76.09857142857142
2014-01-30,55.14,73.12,73.89428571428572
2014-01-31,74.69,73.434,75.40285714285714
2014-02-01,,69.45,75.40285714285714
2014-02-02,,67.84666666666668,75.40285714285714
2014-02-03,54.8,61.54333333333333,75.51571428571428
2014-02-04,55.38,61.623333333333335,73.29642857142856
2014-02-05,55.78,55.32,71.06071428571428
2014-02-06,56.48,55.61,64.11285714285715
2014-02-07,94.25,63.338,66.99928571428572
2014-02-08,,65.4725,66.99928571428572
2014-02-09,,68.83666666666666,66.99928571428572
2014-02-10,94.43,81.72,68.828
2014-02-11,58.03,82.23666666666666,69.06866666666666
2014-02-12,58.21,70.22333333333334,66.8
2014-02-13,95.64,76.5775,69.59133333333334
2014-02-14,58.58,72.978,69.91666666666667
2014-02-15,,67.615,69.91666666666667
2014-02-16,,70.80999999999999,69.91666666666667
2014-02-17,,77.10999999999999,68.52714285714286
2014-02-18,59.0,58.79,67.43714285714286
2014-02-19,100.01,79.505,69.3157142857143
2014-02-20,100.03,86.34666666666668,72.52214285714285
2014-02-21,100.81,89.9625,74.38785714285714
2014-02-22,,89.9625,74.38785714285714
2014-02-23,,100.28333333333335,74.38785714285714
2014-02-24,101.79,100.87666666666667,77.74428571428572
2014-02-25,101.25,101.28333333333335,81.02071428571428
2014-02-26,100.08,101.04,84.18499999999999
2014-02-27,101.16,101.07,87.37642857142858
2014-02-28,102.29,101.314,87.95071428571428
2014-03-01,,101.195,87.95071428571428
2014-03-02,,101.17666666666666,87.95071428571428
2014-03-03,100.72,101.38999999999999,88.39999999999999
2014-03-04,101.97,101.66000000000001,91.53857142857143
2014-03-05,100.4,101.03000000000002,94.55214285714285
2014-03-06,100.18,100.8175,94.87642857142858
2014-03-07,100.65,100.784,97.88142857142859
2014-03-08,,100.80000000000001,97.88142857142859
2014-03-09,,100.41000000000001,97.88142857142859
2014-03-10,101.8,100.87666666666667,98.14266666666667
2014-03-11,100.66,101.03666666666668,100.92000000000002
2014-03-12,100.76,101.07333333333334,100.97
2014-03-13,57.9,90.28,98.16133333333332
2014-03-14,102.35,92.694,98.264
2014-03-15,,90.4175,98.264
2014-03-16,,87.00333333333334,98.264
2014-03-17,103.01,87.75333333333333,98.34533333333334
2014-03-18,104.3,103.21999999999998,98.54866666666666
2014-03-19,103.14,103.48333333333333,98.75266666666668
2014-03-20,103.4,103.4625,98.902
2014-03-21,103.29,103.428,98.96866666666666
2014-03-22,,103.5325,98.96866666666666
2014-03-23,,103.27666666666666,98.96866666666666
2014-03-24,102.48,103.05666666666667,99.086
2014-03-25,57.83,87.86666666666667,96.14333333333335
2014-03-26,95.29,85.2,95.80266666666667
2014-03-27,96.84,88.11,95.58
2014-03-28,57.39,81.96600000000001,92.696
2014-03-29,,76.8375,92.696
2014-03-30,,83.17333333333335,92.696
2014-03-31,96.97,83.73333333333333,92.37400000000001
2014-04-01,98.65,84.33666666666667,92.24
2014-04-02,59.22,84.94666666666667,89.47066666666666
2014-04-03,74.92,82.44,90.60533333333335
2014-04-04,73.28,80.608,88.66733333333333
2014-04-05,,76.51750000000001,88.66733333333333
2014-04-06,,69.14,88.66733333333333
2014-04-07,101.41,83.20333333333333,88.56066666666668
2014-04-08,72.77,82.48666666666666,86.45866666666667
2014-04-09,104.84,93.00666666666666,86.57199999999999
2014-04-10,102.51,95.38250000000001,86.51266666666668
2014-04-11,164.82,109.27000000000001,90.61466666666666
2014-04-12,,111.235,90.61466666666666
2014-04-13,,124.05666666666667,90.61466666666666
2014-04-14,72.24,113.19000000000001,88.59866666666667
2014-04-15,102.87,113.31,91.60133333333333
2014-04-16,103.57,92.89333333333333,92.15333333333334
2014-04-17,104.72,95.85,92.67866666666667
2014-04-18,,95.85,95.19928571428571
2014-04-19,,103.71999999999998,95.19928571428571
2014-04-20,,104.14499999999998,95.19928571428571
2014-04-21,71.33,88.025,93.36785714285713
2014-04-22,70.96,71.145,91.39
2014-04-23,105.58,82.62333333333333,94.70142857142856
2014-04-24,71.43,79.825,94.45214285714285
2014-04-25,105.25,84.91,96.73571428571428
2014-04-26,,88.305,96.73571428571428
2014-04-27,,94.08666666666666,96.73571428571428
2014-04-28,70.59,82.42333333333333,94.5342857142857
2014-04-29,108.42,94.75333333333333,97.08071428571428
2014-04-30,66.58,81.86333333333333,94.34785714285714
2014-05-01,174.69,105.07,99.50357142857142
2014-05-02,109.84,106.024,95.57642857142858
2014-05-03,,114.88250000000001,95.57642857142858
2014-05-04,,117.03666666666668,95.57642857142858
2014-05-05,66.83,117.12,95.19000000000001
2014-05-06,108.24,94.96999999999998,95.57357142857143
2014-05-07,108.73,94.60000000000001,95.94214285714285
2014-05-08,67.04,87.71000000000001,93.25071428571428
2014-05-09,105.04,91.176,94.03666666666666
2014-05-10,,97.2625,94.03666666666666
2014-05-11,,93.60333333333334,94.03666666666666
2014-05-12,105.13,92.40333333333332,96.29
2014-05-13,68.43,92.86666666666667,96.12133333333333
2014-05-14,68.41,80.65666666666665,93.64333333333335
2014-05-15,103.11,86.27,95.75533333333333
2014-05-16,68.72,82.75999999999999,93.32
2014-05-17,,77.16749999999999,93.32
2014-05-18,,80.07999999999998,93.32
2014-05-19,103.07,91.63333333333333,95.48533333333334
2014-05-20,69.14,80.31,92.86666666666666
2014-05-21,104.19,92.13333333333333,95.37400000000001
2014-05-22,70.25,86.6625,88.41133333333333
2014-05-23,70.14,83.35799999999999,85.76466666666666
2014-05-24,,78.42999999999999,85.76466666666666
2014-05-25,,81.52666666666666,85.76466666666666
2014-05-26,,70.195,87.11714285714285
2014-05-27,70.65,70.39500000000001,84.43214285714285
2014-05-28,71.09,70.87,81.74357142857141
2014-05-29,71.06,70.93333333333334,82.0307142857143
2014-05-30,71.47,71.0675,79.63285714285715
2014-05-31,,71.0675,79.63285714285715
2014-06-01,,71.20666666666666,79.63285714285715
2014-06-02,70.04,70.85666666666667,77.12642857142858
2014-06-03,106.2,82.57000000000001,79.82428571428571
2014-06-04,70.49,82.24333333333334,79.97285714285715
2014-06-05,106.56,88.3225,80.2192857142857
2014-06-06,71.38,84.934,80.40928571428572
2014-06-07,,88.6575,80.40928571428572
2014-06-08,,82.81,80.40928571428572
2014-06-09,104.73,94.22333333333331,80.52785714285714
2014-06-10,71.65,82.58666666666666,80.70714285714284
2014-06-11,102.85,93.07666666666667,80.61142857142859
2014-06-12,71.57,87.69999999999999,80.7057142857143
2014-06-13,105.85,91.33,83.25642857142857
2014-06-14,,87.97999999999999,83.25642857142857
2014-06-15,,93.42333333333333,83.25642857142857
2014-06-16,70.74,82.71999999999998,82.422
2014-06-17,69.85,82.14666666666666,82.36866666666667
2014-06-18,68.29,69.62666666666667,82.182
2014-06-19,108.46,79.335,84.67533333333334
2014-06-20,183.78,100.224,92.16266666666667
2014-06-21,,107.595,92.16266666666667
2014-06-22,,120.17666666666668,92.16266666666667
2014-06-23,68.65,120.29666666666667,92.07
2014-06-24,68.48,106.97000000000001,89.55533333333332
2014-06-25,69.14,68.75666666666667,89.46533333333333
2014-06-26,68.84,68.7775,86.95066666666666
2014-06-27,107.02,76.426,89.32666666666665
2014-06-28,,78.37,89.32666666666665
2014-06-29,,81.66666666666667,89.32666666666665
2014-06-30,69.33,81.73,86.96666666666667
2014-07-01,106.76,94.37,89.30733333333335
2014-07-02,69.0075,81.69916666666667,87.05116666666666
2014-07-03,69.43,78.63187500000001,86.9085
2014-07-04,,78.63187500000001,85.55553571428572
2014-07-05,,81.7325,85.55553571428572
2014-07-06,,69.21875,85.55553571428572
2014-07-07,69.11,69.27000000000001,85.43910714285714
2014-07-08,67.62,68.36500000000001,85.27982142857142
2014-07-09,186.59,107.77333333333333,93.72982142857143
2014-07-10,67.705,97.75625,90.81875
2014-07-11,187.6,115.725,91.09160714285714
2014-07-12,,127.37875,91.09160714285714
2014-07-13,,147.29833333333332,91.09160714285714
2014-07-14,189.11,148.13833333333335,99.69589285714287
2014-07-15,68.07,148.26000000000002,99.66660714285715
2014-07-16,189.53,148.90333333333334,108.26589285714286
2014-07-17,65.6,128.0775,108.0344642857143
2014-07-18,191.1,140.682,114.04017857142857
2014-07-19,,128.575,114.04017857142857
2014-07-20,,148.7433333333333,114.04017857142857
2014-07-21,65.74,107.47999999999998,113.78374999999998
2014-07-22,191.33,149.39000000000001,119.82446428571428
2014-07-23,66.02,107.69666666666667,119.61107142857144
2014-07-24,66.52,97.4025,119.40321428571428
2014-07-25,190.78,116.07800000000002,124.16166666666666
2014-07-26,,128.66250000000002,124.16166666666666
2014-07-27,,107.77333333333335,124.16166666666666
2014-07-28,193.02,150.10666666666668,132.42233333333334
2014-07-29,67.28,150.36,132.39966666666666
2014-07-30,70.61,110.30333333333334,124.66766666666668
2014-07-31,189.57,130.12,132.792
2014-08-01,191.18,142.33200000000002,133.03066666666666
2014-08-02,,129.66000000000003,133.03066666666666
2014-08-03,,150.45333333333335,133.03066666666666
2014-08-04,71.01,150.58666666666667,125.15733333333334
2014-08-05,95.05,119.08,126.95599999999999
2014-08-06,70.5,78.85333333333334,119.02066666666666
2014-08-07,70.53,76.77250000000001,119.34933333333333
2014-08-08,71.4,75.69800000000001,111.36933333333334
2014-08-09,,76.87,111.36933333333334
2014-08-10,,70.81,111.36933333333334
2014-08-11,71.79,71.24000000000001,111.77266666666668
2014-08-12,71.695,71.62833333333333,103.797
2014-08-13,190.9,111.46166666666666,112.12233333333333
2014-08-14,72.82,101.80125000000001,112.54233333333333
2014-08-15,73.04,96.049,104.693
2014-08-16,,102.11375,104.693
2014-08-17,,112.25333333333333,104.693
2014-08-18,191.65,112.50333333333334,104.60166666666667
2014-08-19,74.2,112.96333333333335,105.06300000000002
2014-08-20,74.87,113.57333333333334,105.347
2014-08-21,193.47,133.5475,105.607
2014-08-22,191.81,145.2,105.64899999999999
2014-08-23,,133.5875,105.64899999999999
2014-08-24,,153.38333333333335,105.64899999999999
2014-08-25,191.69,192.32333333333335,113.69433333333333
2014-08-26,191.94,191.81333333333336,120.15366666666667
2014-08-27,192.96,192.1966666666667,128.31766666666667
2014-08-28,192.27,192.21500000000003,136.43366666666668
2014-08-29,193.45,192.46200000000002,144.5703333333333
2014-08-30,,192.65500000000003,144.5703333333333
2014-08-31,,192.89333333333335,144.5703333333333
2014-09-01,,192.86,149.76892857142857
2014-09-02,193.07,193.26000000000002,158.4385714285714
2014-09-03,193.99,193.53000000000003,158.65928571428572
2014-09-04,193.91,193.65666666666667,167.3085714285714
2014-09-05,195.51,194.12,176.05642857142857
2014-09-06,,194.12,176.05642857142857
2014-09-07,,194.47000000000003,176.05642857142857
2014-09-08,195.29,194.90333333333334,176.3164285714286
2014-09-09,194.41,195.07000000000002,184.90285714285713
2014-09-10,189.95,193.2166666666667,193.12285714285713
2014-09-11,189.36,192.25250000000003,192.82928571428573
2014-09-12,183.16,190.43400000000003,192.21142857142857
2014-09-13,,189.22000000000003,192.21142857142857
2014-09-14,,187.49,192.21142857142857
2014-09-15,73.39,148.63666666666668,183.76142857142858
2014-09-16,183.2,146.58333333333334,183.13714285714286
2014-09-17,183.34,146.64333333333335,182.45000000000002
2014-09-18,181.17,155.275,181.65714285714287
2014-09-19,182.67,160.754,180.88714285714283
2014-09-20,,182.595,180.88714285714283
2014-09-21,,182.39333333333335,180.88714285714283
2014-09-22,181.41,181.75,180.922
2014-09-23,71.95,145.34333333333333,172.84733333333332
2014-09-24,72.77,108.71000000000002,164.766
2014-09-25,71.98,99.52750000000002,156.63733333333332
2014-09-26,180.54,115.73000000000002,155.63933333333333
2014-09-27,,99.31000000000003,155.63933333333333
2014-09-28,,108.43000000000002,155.63933333333333
2014-09-29,61.54,104.68666666666668,146.72266666666664
2014-09-30,70.63,104.23666666666668,138.47066666666666
2014-10-01,206.4,112.85666666666668,139.56733333333332
2014-10-02,90.11,107.17000000000002,132.95066666666668
2014-10-03,90.36,103.80800000000002,126.764
2014-10-04,,114.37500000000001,126.764
2014-10-05,,128.9566666666667,126.764
2014-10-06,89.31,89.92666666666669,127.82533333333332
2014-10-07,69.65,83.10666666666668,120.25533333333333
2014-10-08,181.25,113.40333333333335,120.11599999999999
2014-10-09,181.55,130.44000000000003,120.14133333333334
2014-10-10,82.04,120.76000000000002,113.43266666666666
2014-10-11,,128.6225,113.43266666666666
2014-10-12,,148.28,113.43266666666666
2014-10-13,183.75,149.11333333333334,113.58866666666667
2014-10-14,70.4,112.06333333333335,113.48533333333334
2014-10-15,82.19,112.11333333333334,114.11333333333333
2014-10-16,85.27,105.40250000000002,114.99933333333334
2014-10-17,70.74,98.47,107.67933333333332
2014-10-18,,77.15,107.67933333333332
2014-10-19,,79.4,107.67933333333332
2014-10-20,189.65,115.22000000000003,116.22
2014-10-21,191.88,150.7566666666667,124.30333333333334
2014-10-22,82.89,154.8066666666667,116.06933333333333
2014-10-23,73.06,134.37,114.93266666666666
2014-10-24,194.11,146.31800000000004,121.84933333333333
2014-10-25,,135.48500000000004,121.84933333333333
2014-10-26,,116.68666666666672,121.84933333333333
2014-10-27,67.84,111.67000000000003,120.41799999999999
2014-10-28,74.41,112.12000000000002,120.73533333333333
2014-10-29,90.07,77.44000000000001,114.65666666666668
2014-10-30,200.44,108.19000000000001,115.916
2014-10-31,201.76,126.904,123.89733333333334
2014-11-01,,141.67,123.89733333333334
2014-11-02,,164.09,123.89733333333334
2014-11-03,91.88,164.69333333333336,117.77266666666667
2014-11-04,69.91,121.18333333333335,117.74
2014-11-05,77.15,79.64666666666669,117.404
2014-11-06,99.75,84.67250000000001,118.36933333333333
2014-11-07,98.64,87.46600000000001,120.22933333333334
2014-11-08,,86.36250000000001,120.22933333333334
2014-11-09,,91.84666666666669,120.22933333333334
2014-11-10,95.79,98.06000000000002,113.972
2014-11-11,202.33,132.25333333333336,114.66866666666667
2014-11-12,77.84,125.32000000000004,114.33200000000001
2014-11-13,91.58,116.88500000000002,115.56666666666666
2014-11-14,222.09,137.92600000000002,117.432
2014-11-15,,148.46000000000004,117.432
2014-11-16,,130.50333333333336,117.432
2014-11-17,93.06,135.57666666666668,119.11333333333333
2014-11-18,93.58,136.24333333333337,120.39133333333332
2014-11-19,95.94,94.19333333333334,120.78266666666667
2014-11-20,79.89,90.6175,112.74600000000001
2014-11-21,200.37,112.56800000000001,112.65333333333334
2014-11-22,,117.44500000000001,112.65333333333334
2014-11-23,,125.40000000000002,112.65333333333334
2014-11-24,200.6,160.2866666666667,119.90133333333333
2014-11-25,93.49,164.82000000000002,121.47333333333333
2014-11-26,82.34,125.47666666666667,121.81933333333333
2014-11-27,,125.47666666666667,123.39571428571428
2014-11-28,202.41,144.71,130.80785714285713
2014-11-29,,126.08000000000003,130.80785714285713
2014-11-30,,142.37500000000003,130.80785714285713
2014-12-01,70.64,136.52500000000003,129.01142857142858
2014-12-02,84.12,119.05666666666669,120.56785714285715
2014-12-03,90.06,81.60666666666668,121.4407142857143
2014-12-04,203.22,112.01000000000002,129.41500000000002
2014-12-05,84.58,106.52400000000003,119.59285714285714
2014-12-06,,115.49500000000003,119.59285714285714
2014-12-07,,125.95333333333338,119.59285714285714
2014-12-08,80.52,122.77333333333335,118.69714285714285
2014-12-09,229.86,131.65333333333334,128.4314285714286
2014-12-10,77.5,129.29333333333338,127.11428571428573
2014-12-11,78.33,116.55250000000002,127.00285714285714
2014-12-12,79.04,109.05000000000003,118.33642857142857
2014-12-13,,116.18250000000003,118.33642857142857
2014-12-14,,78.29000000000003,118.33642857142857
2014-12-15,82.77,80.04666666666668,109.92
2014-12-16,201.68,121.16333333333336,117.64785714285715
2014-12-17,72.27,118.90666666666668,116.92857142857143
2014-12-18,80.48,109.30000000000001,114.49866666666667
2014-12-19,234.1,134.26000000000002,116.61133333333333
2014-12-20,,147.13250000000002,116.61133333333333
2014-12-21,,128.95000000000002,116.61133333333333
2014-12-22,77.65,130.74333333333337,117.07866666666668
2014-12-23,78.41,130.05333333333337,116.69800000000001
2014-12-24,77.44,77.83333333333336,115.85666666666665
2014-12-25,,77.83333333333336,109.61642857142856
2014-12-26,73.59,76.77250000000001,108.83142857142857
2014-12-27,,76.48,108.83142857142857
2014-12-28,,75.51500000000001,108.83142857142857
2014-12-29,85.96,79.77500000000003,109.22000000000001
2014-12-30,75.38,78.31000000000002,98.18571428571428
2014-12-31,75.7,79.01333333333335,98.05714285714285
2015-01-01,,79.01333333333335,99.57461538461538
2015-01-02,84.65,80.42250000000001,100.00615384615384
2015-01-03,,78.5766666666667,100.00615384615384
2015-01-04,,80.17500000000004,100.00615384615384
2015-01-05,84.22,84.43500000000003,100.11769230769231
2015-01-06,83.28,84.05000000000003,91.01
2015-01-07,72.64,80.04666666666668,91.03846153846153
2015-01-08,218.86,114.75000000000001,101.68307692307692
2015-01-09,220.62,135.92400000000004,100.64615384615385
2015-01-10,,148.85000000000002,100.64615384615385
2015-01-11,,170.7066666666667,100.64615384615385
2015-01-12,222.04,220.5066666666667,111.75307692307692
2015-01-13,222.44,221.70000000000002,122.8323076923077
2015-01-14,225.44,223.3066666666667,134.21692307692308
2015-01-15,227.27,224.2975,140.86357142857145
2015-01-16,228.17,225.07200000000003,151.905
2015-01-17,,225.83000000000004,151.905
2015-01-18,,226.96000000000004,151.905
2015-01-19,,227.72000000000008,156.9776923076923
2015-01-20,226.11,227.14000000000004,168.5723076923077
2015-01-21,225.83,225.97000000000003,180.12076923076924
2015-01-22,228.82,226.92000000000004,183.59928571428574
2015-01-23,227.86,227.15500000000003,193.82857142857145
2015-01-24,,227.15500000000003,193.82857142857145
2015-01-25,,227.50333333333336,193.82857142857145
2015-01-26,230.11,228.93000000000004,204.2492857142857
2015-01-27,229.29,229.0866666666667,214.67857142857142
2015-01-28,227.31,228.90333333333334,225.72642857142856
2015-01-29,229.52,229.05750000000003,226.48785714285714
2015-01-30,226.05,228.45600000000005,226.8757142857143
2015-01-31,,228.04250000000005,226.8757142857143
2015-02-01,,227.6266666666667,226.8757142857143
2015-02-02,226.38,227.3166666666667,227.18571428571428
2015-02-03,228.39,226.94000000000003,227.6107142857143
2015-02-04,228.16,227.64333333333335,227.805
2015-02-05,230.48,228.3525,228.03428571428572
2015-02-06,223.7,227.42199999999997,227.715
2015-02-07,,227.68249999999998,227.715
2015-02-08,,227.44666666666663,227.715
2015-02-09,222.13,225.4366666666667,227.3426666666667
2015-02-10,224.3,223.37666666666667,227.222
2015-02-11,223.8,223.41000000000005,227.08666666666667
2015-02-12,227.99,224.55500000000004,227.03133333333332
2015-02-13,226.69,224.98200000000003,226.95333333333332
2015-02-14,,225.69500000000002,226.95333333333332
2015-02-15,,226.16,226.95333333333332
2015-02-16,,227.34000000000003,226.72785714285715
2015-02-17,226.21,226.45000000000005,226.50785714285715
2015-02-18,227.96,227.08500000000004,226.55428571428573
2015-02-19,223.55,225.90666666666667,226.12785714285715
2015-02-20,226.56,226.07000000000002,226.16428571428574
2015-02-21,,226.07000000000002,226.16428571428574
2015-02-22,,226.02333333333334,226.16428571428574
2015-02-23,228.48,226.1966666666667,226.31428571428572
2015-02-24,223.17,226.07000000000002,225.9414285714286
2015-02-25,222.38,224.67666666666665,225.52857142857144
2015-02-26,220.34,223.5925,224.80428571428573
2015-02-27,222.43,223.35999999999999,224.7135714285714
2015-02-28,,222.07999999999998,224.7135714285714
2015-03-01,,221.71666666666667,224.7135714285714
2015-03-02,225.16,222.64333333333335,224.93
2015-03-03,84.35,177.31333333333336,214.93357142857144
2015-03-04,84.83,131.4466666666667,205.00714285714284
2015-03-05,226.19,155.13250000000002,204.87857142857143
2015-03-06,79.53,140.012,194.36714285714285
2015-03-07,,118.72500000000001,194.36714285714285
2015-03-08,,130.18333333333337,194.36714285714285
2015-03-09,77.02,127.58000000000003,186.54399999999998
2015-03-10,223.5,126.68333333333335,186.36333333333332
2015-03-11,81.24,127.25333333333337,176.582
2015-03-12,76.26,114.50500000000002,166.76266666666663
2015-03-13,76.23,106.85000000000002,156.74066666666664
2015-03-14,,114.30750000000002,156.74066666666664
2015-03-15,,77.91000000000003,156.74066666666664
2015-03-16,83.65,78.71333333333335,147.08533333333332
2015-03-17,77.43,79.10333333333335,137.36933333333334
2015-03-18,83.29,81.45666666666669,128.09666666666666
2015-03-19,83.95,82.08000000000001,119.00399999999999
2015-03-20,85.38,82.74000000000001,109.86733333333333
2015-03-21,,82.51250000000002,109.86733333333333
2015-03-22,,84.20666666666669,109.86733333333333
2015-03-23,239.85,136.39333333333335,110.84666666666666
2015-03-24,79.66,134.96333333333337,110.534
2015-03-25,83.45,134.32000000000002,110.44200000000001
2015-03-26,82.99,121.48750000000001,100.89533333333334
2015-03-27,82.38,113.66600000000001,101.08533333333334
2015-03-28,,82.12,101.08533333333334
2015-03-29,,82.94000000000001,101.08533333333334
2015-03-30,82.7,82.69000000000001,101.464
2015-03-31,86.77,83.95000000000002,92.34866666666667
2015-04-01,227.12,132.1966666666667,102.07400000000001
2015-04-02,84.58,120.29250000000002,102.62866666666667
2015-04-03,,120.29250000000002,104.51428571428572
2015-04-04,,132.82333333333335,104.51428571428572
2015-04-05,,155.85000000000002,104.51428571428572
2015-04-06,84.21,84.39500000000002,104.55428571428571
2015-04-07,84.115,84.16250000000002,105.03178571428573
2015-04-08,84.36,84.22833333333335,105.1082142857143
2015-04-09,88.47,85.28875000000001,105.43107142857143
2015-04-10,84.66,85.16300000000001,105.37964285714285
2015-04-11,,85.40125000000002,105.37964285714285
2015-04-12,,85.83000000000003,105.37964285714285
2015-04-13,221.86,131.66333333333336,104.09464285714286
2015-04-14,223.02,176.51333333333335,114.33464285714285
2015-04-15,221.58,222.15333333333334,124.20107142857144
2015-04-16,223.31,222.44250000000002,134.22392857142856
2015-04-17,222.46,222.446,144.22964285714286
2015-04-18,,222.5925,144.22964285714286
2015-04-19,,222.45000000000002,144.22964285714286
2015-04-20,223.13,222.9666666666667,154.26035714285715
2015-04-21,225.15,223.58,164.14464285714286
2015-04-22,226.78,225.02,164.12035714285713
2015-04-23,227.75,225.70250000000001,174.34678571428572
2015-04-24,227.01,225.964,177.8576666666667
2015-04-25,,226.67249999999999,177.8576666666667
2015-04-26,,227.17999999999998,177.8576666666667
2015-04-27,228.03,227.5966666666667,187.44566666666668
2015-04-28,229.5,228.18000000000004,197.13799999999998
2015-04-29,224.82,227.45000000000005,206.502
2015-04-30,221.95,226.07500000000002,215.4006666666667
2015-05-01,224.63,225.786,224.732
2015-05-02,,225.22500000000002,224.732
2015-05-03,,223.80000000000004,224.732
2015-05-04,225.86,224.14666666666668,224.99866666666668
2015-05-05,219.32,223.27,224.752
2015-05-06,219.86,221.68000000000004,224.63733333333332
2015-05-07,224.19,222.3075,224.696
2015-05-08,227.44,223.334,225.028
2015-05-09,,222.70250000000001,225.028
2015-05-10,,223.83,225.028
2015-05-11,221.2,224.27666666666667,224.89933333333332
2015-05-12,222.32,223.65333333333334,224.71066666666667
2015-05-13,219.53,221.01666666666668,224.22733333333335
2015-05-14,224.64,221.9225,224.02
2015-05-15,226.3,222.798,223.97266666666667
2015-05-16,,223.1975,223.97266666666667
2015-05-17,,223.49,223.97266666666667
2015-05-18,224.89,225.27666666666667,223.76333333333335
2015-05-19,224.05,225.08000000000004,223.39999999999998
2015-05-20,224.23,224.39000000000001,223.36066666666665
2015-05-21,222.21,223.845,223.37800000000001
2015-05-22,221.81,223.43800000000002,223.19
2015-05-23,,223.07500000000002,223.19
2015-05-24,,222.75000000000003,223.19
2015-05-25,,222.01000000000005,222.9992857142857
2015-05-26,219.4,220.60500000000002,223.00499999999997
2015-05-27,224.0,221.70000000000005,223.3007142857143
2015-05-28,224.98,222.79333333333338,223.35714285714286
2015-05-29,222.62,222.75,223.01285714285714
2015-05-30,,222.75,223.01285714285714
2015-05-31,,223.86666666666667,223.01285714285714
2015-06-01,226.26,224.62000000000003,223.3742857142857
2015-06-02,221.77,223.55000000000004,223.335
2015-06-03,216.77,221.60000000000002,223.13785714285714
2015-06-04,216.08,220.22000000000003,222.52642857142857
2015-06-05,214.46,219.06800000000004,221.68071428571426
2015-06-06,,217.27000000000004,221.68071428571426
2015-06-07,,215.77000000000007,221.68071428571426
2015-06-08,213.89,214.81000000000003,220.89499999999998
2015-06-09,211.51,213.28666666666666,219.99928571428572
2015-06-10,213.47,212.95666666666668,219.2307142857143
2015-06-11,214.27,213.28500000000003,218.66357142857143
2015-06-12,214.37,213.502,218.1321428571429
2015-06-13,,213.405,218.1321428571429
2015-06-14,,214.03666666666666,218.1321428571429
2015-06-15,214.0,214.21333333333337,217.85666666666668
2015-06-16,216.44,214.9366666666667,217.65933333333336
2015-06-17,218.14,216.19333333333336,217.2686666666667
2015-06-18,221.88,217.615,217.062
2015-06-19,219.71,218.03400000000002,216.86800000000002
2015-06-20,,219.04250000000002,216.86800000000002
2015-06-21,,219.91,216.86800000000002
2015-06-22,217.52,219.70333333333338,216.28533333333334
2015-06-23,90.82,176.01666666666668,207.55533333333332
2015-06-24,215.05,174.46333333333337,207.4406666666667
2015-06-25,83.06,151.6125,198.57266666666666
2015-06-26,90.85,139.46,190.332
2015-06-27,,119.94500000000002,190.332
2015-06-28,,129.65333333333336,190.332
2015-06-29,88.84,87.58333333333336,181.99533333333335
2015-06-30,88.94,89.54333333333335,173.824
2015-07-01,216.71,131.4966666666667,174.04000000000002
2015-07-02,218.31,153.20000000000002,174.30933333333334
2015-07-03,,153.20000000000002,171.44785714285715
2015-07-04,,174.65333333333334,171.44785714285715
2015-07-05,,217.51000000000005,171.44785714285715
2015-07-06,46.31,132.31000000000003,159.47
2015-07-07,222.34,134.32500000000005,159.89142857142858
2015-07-08,221.66,163.4366666666667,160.14285714285714
2015-07-09,221.01,177.83,160.0807142857143
2015-07-10,89.75,160.214,150.79785714285714
2015-07-11,,188.69,150.79785714285714
2015-07-12,,177.47333333333336,150.79785714285714
2015-07-13,220.82,177.19333333333336,151.03357142857143
2015-07-14,221.87,177.48000000000002,160.3942857142857
2015-07-15,90.79,177.82666666666668,151.51857142857142
2015-07-16,91.07,156.13750000000002,152.09071428571428
2015-07-17,222.99,169.508,161.5292857142857
2015-07-18,,156.68,161.5292857142857
2015-07-19,,134.95000000000002,161.5292857142857
2015-07-20,91.89,135.3166666666667,161.74714285714285
2015-07-21,93.42,136.10000000000002,162.06714285714287
2015-07-22,224.27,136.52666666666667,162.60714285714286
2015-07-23,47.35,114.23250000000002,150.3957142857143
2015-07-24,92.29,109.84400000000001,146.522
2015-07-25,,114.33250000000001,146.522
2015-07-26,,121.30333333333334,146.522
2015-07-27,224.31,121.31666666666668,158.38866666666667
2015-07-28,77.7,131.43333333333337,148.746
2015-07-29,48.29,116.7666666666667,137.18800000000002
2015-07-30,90.25,110.13750000000002,128.47066666666666
2015-07-31,90.07,106.12400000000002,128.49200000000002
2015-08-01,,76.57750000000001,128.49200000000002
2015-08-02,,76.20333333333336,128.49200000000002
2015-08-03,226.55,135.62333333333336,128.874
2015-08-04,49.1,121.9066666666667,117.35600000000001
2015-08-05,49.24,108.2966666666667,114.586
2015-08-06,89.29,103.54500000000002,114.46733333333333
2015-08-07,227.0,128.23600000000002,114.73466666666667
2015-08-08,,103.65750000000001,114.73466666666667
2015-08-09,,121.84333333333335,114.73466666666667
2015-08-10,50.02,122.10333333333335,111.94333333333333
2015-08-11,89.5,122.17333333333336,111.682
2015-08-12,228.33,122.61666666666669,111.95266666666667
2015-08-13,88.51,114.09000000000002,114.69666666666667
2015-08-14,51.18,101.50800000000001,111.956
2015-08-15,,114.38000000000002,111.956
2015-08-16,,122.67333333333336,111.956
2015-08-17,231.11,123.60000000000002,112.40933333333334
2015-08-18,231.93,171.40666666666667,122.69133333333335
2015-08-19,75.42,179.48666666666668,124.5
2015-08-20,51.62,147.52,121.92466666666668
2015-08-21,84.81,134.978,121.57400000000001
2015-08-22,,110.94500000000002,121.57400000000001
2015-08-23,,70.61666666666669,121.57400000000001
2015-08-24,81.81,72.74666666666668,111.92466666666665
2015-08-25,209.5,125.37333333333335,122.618
2015-08-26,48.08,113.13000000000001,122.54066666666668
2015-08-27,48.59,96.99500000000002,119.82733333333334
2015-08-28,84.46,94.48800000000001,110.32466666666667
2015-08-29,,97.65750000000001,110.32466666666667
2015-08-30,,60.37666666666669,110.32466666666667
2015-08-31,47.24,60.09666666666669,110.13933333333334
2015-09-01,210.18,113.96000000000002,118.18466666666669
2015-09-02,83.49,113.6366666666667,108.52866666666667
2015-09-03,83.86,106.19250000000002,108.21866666666666
2015-09-04,207.17,126.388,118.618
2015-09-05,,146.175,118.618
2015-09-06,,124.84000000000002,118.618
2015-09-07,,145.51500000000001,110.58285714285715
2015-09-08,46.48,126.82500000000002,97.33642857142857
2015-09-09,45.87,46.175000000000026,95.22571428571429
2015-09-10,83.9,58.75000000000002,97.53142857142858
2015-09-11,214.53,97.69500000000002,106.79714285714286
2015-09-12,,97.69500000000002,106.79714285714286
2015-09-13,,114.7666666666667,106.79714285714286
2015-09-14,46.25,114.89333333333336,104.25714285714287
2015-09-15,85.03,115.27000000000002,95.36642857142859
2015-09-16,217.74,116.34000000000003,107.485
2015-09-17,84.68,108.42500000000001,110.06285714285715
2015-09-18,47.22,96.18400000000001,107.40285714285713
2015-09-19,,108.66750000000002,107.40285714285713
2015-09-20,,116.5466666666667,107.40285714285713
2015-09-21,47.51,59.80333333333335,107.42214285714286
2015-09-22,82.81,59.180000000000014,98.32428571428571
2015-09-23,83.3,71.20666666666669,98.31071428571428
2015-09-24,217.89,107.87750000000001,107.88428571428572
2015-09-25,80.55,102.412,98.84
2015-09-26,,116.13750000000002,98.84
2015-09-27,,127.24666666666668,98.84
2015-09-28,49.09,115.84333333333335,95.52333333333333
2015-09-29,80.8,70.14666666666669,97.81133333333332
2015-09-30,50.62,60.170000000000016,98.128
2015-10-01,225.68,101.54750000000001,107.57999999999998
2015-10-02,227.63,126.76400000000001,108.45333333333333
2015-10-03,,146.1825,108.45333333333333
2015-10-04,,167.9766666666667,108.45333333333333
2015-10-05,71.13,174.81333333333336,110.112
2015-10-06,50.64,116.46666666666668,107.81933333333333
2015-10-07,82.57,68.11333333333334,98.80799999999999
2015-10-08,82.71,71.76250000000002,98.67666666666666
2015-10-09,228.56,103.122,110.76599999999999
2015-10-10,,111.12,110.76599999999999
2015-10-11,,131.28,110.76599999999999
2015-10-12,51.18,120.81666666666668,111.01066666666665
2015-10-13,50.95,110.23000000000002,108.88666666666667
2015-10-14,226.26,109.46333333333335,118.41733333333333
2015-10-15,84.63,103.25500000000001,109.53333333333332
2015-10-16,233.37,129.27800000000002,119.72133333333333
2015-10-17,,148.80250000000004,119.72133333333333
2015-10-18,,181.42000000000004,119.72133333333333
2015-10-19,237.55,185.18333333333337,132.28533333333334
2015-10-20,52.2,174.37333333333336,130.37866666666667
2015-10-21,52.06,113.93666666666668,130.47466666666665
2015-10-22,27.07,92.22000000000001,117.234
2015-10-23,230.25,119.82600000000002,117.40866666666668
2015-10-24,,90.39500000000002,117.40866666666668
2015-10-25,,103.12666666666671,117.40866666666668
2015-10-26,229.66,162.32666666666668,127.97733333333332
2015-10-27,84.05,181.32000000000002,130.20466666666667
2015-10-28,50.97,121.56000000000002,128.098
2015-10-29,226.25,147.73250000000002,137.66733333333335
2015-10-30,50.94,128.37400000000002,125.82600000000001
2015-10-31,,103.05250000000002,125.82600000000001
2015-11-01,,109.3866666666667,125.82600000000001
2015-11-02,50.96,109.38333333333334,125.81133333333334
2015-11-03,28.82,43.57333333333335,124.336
2015-11-04,51.59,43.79000000000002,112.69133333333333
2015-11-05,28.98,40.08750000000001,108.98133333333334
2015-11-06,49.02,41.87400000000001,96.69133333333333
2015-11-07,,39.60250000000001,96.69133333333333
2015-11-08,,43.19666666666669,96.69133333333333
2015-11-09,30.24,36.08000000000002,82.87066666666666
2015-11-10,30.04,36.43333333333335,81.39333333333335
2015-11-11,51.07,37.11666666666668,81.32733333333334
2015-11-12,218.87,82.555,94.114
2015-11-13,28.86,71.816,80.68800000000002
2015-11-14,,82.21000000000001,80.68800000000002
2015-11-15,,99.60000000000002,80.68800000000002
2015-11-16,220.8,156.1766666666667,80.09733333333334
2015-11-17,222.25,157.30333333333337,89.31066666666668
2015-11-18,84.82,175.95666666666668,91.56733333333334
2015-11-19,51.04,144.72750000000002,79.88666666666667
2015-11-20,84.64,132.71,82.13333333333334
2015-11-21,,110.68750000000001,82.13333333333334
2015-11-22,,73.50000000000001,82.13333333333334
2015-11-23,230.05,121.91000000000001,94.07266666666666
2015-11-24,227.85,180.84666666666666,107.34133333333334
2015-11-25,230.6,229.5,119.27533333333334
2015-11-26,,229.5,125.72500000000001
2015-11-27,233.83,230.5825,138.9257142857143
2015-11-28,,230.76,138.9257142857143
2015-11-29,,232.21500000000003,138.9257142857143
2015-11-30,230.79,232.31,153.2507142857143
2015-12-01,235.36,233.32666666666668,167.91642857142855
2015-12-02,228.92,231.68999999999997,180.61999999999998
2015-12-03,227.61,230.67000000000002,181.24428571428572
2015-12-04,233.38,231.212,195.85285714285715
2015-12-05,,231.3175,195.85285714285715
2015-12-06,,229.97,195.85285714285715
2015-12-07,232.56,231.18333333333337,196.69285714285715
2015-12-08,231.95,232.63000000000002,197.38571428571427
2015-12-09,230.22,231.57666666666668,207.77142857142857
2015-12-10,229.43,231.04000000000002,220.51357142857142
2015-12-11,230.81,230.994,230.95428571428573
2015-12-12,,230.6025,230.95428571428573
2015-12-13,,230.15333333333334,230.95428571428573
2015-12-14,232.86,231.03333333333333,231.155
2015-12-15,235.0,232.89000000000001,231.6657142857143
2015-12-16,240.18,236.01333333333335,232.35
2015-12-17,238.63,236.66750000000002,232.7686666666667
2015-12-18,235.47,236.42800000000003,232.87800000000001
2015-12-19,,237.32000000000002,232.87800000000001
2015-12-20,,238.09333333333336,232.87800000000001
2015-12-21,235.1,236.4,233.16533333333334
2015-12-22,234.38,234.98333333333335,233.1
2015-12-23,238.15,235.87666666666667,233.71533333333335
2015-12-24,238.37,236.5,234.43266666666668
2015-12-25,,236.5,234.50785714285715
2015-12-26,,236.9666666666667,234.50785714285715
2015-12-27,,238.26000000000002,234.50785714285715
2015-12-28,240.83,239.60000000000002,235.09857142857143
2015-12-29,244.29,242.56,235.98000000000002
2015-12-30,243.27,242.7966666666667,236.91214285714287
2015-12-31,239.41,241.95000000000002,237.625
2016-01-01,,241.95000000000002,238.14923076923077
2016-01-02,,242.32333333333335,238.14923076923077
2016-01-03,,241.34000000000003,238.14923076923077
2016-01-04,237.32,238.365,238.4923076923077
2016-01-05,51.35,144.335,224.3653846153846
2016-01-06,238.05,175.57333333333335,224.2015384615385
2016-01-07,51.14,144.465,209.77923076923076
2016-01-08,50.82,125.73600000000002,195.57538461538462
2016-01-09,,97.84000000000002,195.57538461538462
2016-01-10,,113.33666666666669,195.57538461538462
2016-01-11,235.69,112.55000000000001,195.6207692307692
2016-01-12,51.12,112.54333333333335,181.52384615384614
2016-01-13,233.78,173.53,181.18769230769232
2016-01-14,230.83,187.85500000000002,180.60769230769228
2016-01-15,51.39,160.562,171.37785714285715
2016-01-16,,141.78,171.37785714285715
2016-01-17,,172.0,171.37785714285715
2016-01-18,,141.11,166.03538461538463
2016-01-19,232.33,141.86,165.1153846153846
2016-01-20,24.33,128.33000000000004,148.27384615384614
2016-01-21,221.0,159.22000000000003,146.8576923076923
2016-01-22,224.85,175.62750000000003,152.42857142857142
2016-01-23,,175.62750000000003,152.42857142857142
2016-01-24,,156.7266666666667,152.42857142857142
2016-01-25,223.11,222.98666666666668,151.41357142857143
2016-01-26,52.15,166.70333333333335,151.4707142857143
2016-01-27,52.32,109.19333333333337,138.20428571428573
2016-01-28,210.78,134.59000000000003,149.60714285714286
2016-01-29,53.8,118.43200000000002,149.82
2016-01-30,,92.26250000000002,149.82
2016-01-31,,105.63333333333334,149.82
2016-02-01,214.23,159.60333333333335,148.28714285714287
2016-02-02,208.32,158.78333333333336,159.5157142857143
2016-02-03,55.72,159.42333333333337,146.79714285714286
2016-02-04,210.92,172.2975,145.375
2016-02-05,202.5,178.33800000000002,156.16857142857143
2016-02-06,,169.365,156.16857142857143
2016-02-07,,156.38000000000002,156.16857142857143
2016-02-08,54.09,155.8366666666667,149.36333333333334
2016-02-09,193.49,150.02666666666667,146.774
2016-02-10,196.79,148.12333333333336,158.27133333333333
2016-02-11,53.9,124.56750000000001,147.13133333333332
2016-02-12,53.51,110.35600000000002,135.7086666666667
2016-02-13,,124.42250000000001,135.7086666666667
2016-02-14,,101.40000000000002,135.7086666666667
2016-02-15,,53.70500000000004,129.46571428571428
2016-02-16,198.63,126.07000000000002,139.92857142857142
2016-02-17,201.57,200.10000000000002,150.58928571428572
2016-02-18,54.46,151.55333333333334,139.42357142857142
2016-02-19,54.67,127.33250000000001,139.4857142857143
2016-02-20,,127.33250000000001,139.4857142857143
2016-02-21,,103.56666666666668,139.4857142857143
2016-02-22,68.95,59.36000000000002,129.10857142857142
2016-02-23,55.84,59.82000000000002,118.21714285714286
2016-02-24,207.42,110.73666666666668,129.05285714285714
2016-02-25,211.0,135.8025,129.0585714285714
2016-02-26,209.98,150.638,129.59285714285713
2016-02-27,,171.06,129.59285714285713
2016-02-28,,209.4666666666667,129.59285714285713
2016-02-29,209.28,210.08666666666667,140.67785714285714
2016-03-01,54.23,157.83,130.7307142857143
2016-03-02,54.34,105.95000000000003,120.55571428571429
2016-03-03,221.05,134.72500000000002,132.49499999999998
2016-03-04,55.54,118.888,132.64000000000001
2016-03-05,,96.29000000000002,132.64000000000001
2016-03-06,,110.31000000000002,132.64000000000001
2016-03-07,223.17,166.58666666666667,138.67533333333333
2016-03-08,221.93,166.88000000000002,140.2286666666667
2016-03-09,56.87,167.32333333333335,130.582
2016-03-10,220.67,180.66000000000003,141.66266666666667
2016-03-11,224.43,189.41400000000002,152.98
2016-03-12,,180.97500000000002,152.98
2016-03-13,,167.32333333333335,152.98
2016-03-14,56.74,167.28000000000003,152.16600000000003
2016-03-15,221.32,167.4966666666667,163.198
2016-03-16,57.39,111.81666666666668,153.196
2016-03-17,226.38,140.4575,154.22133333333335
2016-03-18,226.07,157.58,155.29399999999998
2016-03-19,,182.79000000000002,155.29399999999998
2016-03-20,,169.9466666666667,155.29399999999998
2016-03-21,226.25,226.23333333333335,156.42533333333333
2016-03-22,57.48,169.93333333333337,156.642
2016-03-23,228.51,170.74666666666667,168.25333333333336
2016-03-24,226.21,184.6125,168.59733333333332
2016-03-25,,184.6125,176.67285714285714
2016-03-26,,170.73333333333335,176.67285714285714
2016-03-27,,227.36,176.67285714285714
2016-03-28,57.77,141.99000000000004,164.85857142857142
2016-03-29,233.67,145.72000000000003,165.69714285714286
2016-03-30,24.66,105.36666666666669,163.39642857142857
2016-03-31,233.86,137.49,164.33857142857144
2016-04-01,232.82,156.556,164.93785714285715
2016-04-02,,181.25250000000003,164.93785714285715
2016-04-03,,163.78000000000003,164.93785714285715
2016-04-04,58.59,175.09,165.07
2016-04-05,57.08,116.16333333333334,153.3385714285714
2016-04-06,56.89,57.52000000000002,153.30285714285714
2016-04-07,56.8,57.34000000000002,141.19
2016-04-08,231.43,92.15800000000002,141.57285714285715
2016-04-09,,100.55000000000001,141.57285714285715
2016-04-10,,115.04000000000002,141.57285714285715
2016-04-11,227.14,171.79000000000005,141.63642857142858
2016-04-12,56.67,171.74666666666667,141.57857142857145
2016-04-13,222.95,168.92000000000002,141.18142857142857
2016-04-14,218.89,181.41250000000002,140.65857142857143
2016-04-15,224.87,190.10399999999998,146.27266666666668
2016-04-16,,180.845,146.27266666666668
2016-04-17,,222.23666666666668,146.27266666666668
2016-04-18,24.68,156.14666666666668,144.06666666666666
2016-04-19,229.27,159.60666666666668,143.77333333333334
2016-04-20,222.81,158.92000000000004,156.98333333333332
2016-04-21,222.3,174.76500000000001,156.21266666666668
2016-04-22,55.4,150.892,144.38466666666667
2016-04-23,,182.44500000000002,144.38466666666667
2016-04-24,,166.83666666666667,144.38466666666667
2016-04-25,227.46,168.38666666666668,155.64266666666668
2016-04-26,225.43,169.43000000000004,166.86599999999999
2016-04-27,224.65,225.8466666666667,178.05
2016-04-28,25.42,175.74,175.95800000000003
2016-04-29,220.45,184.68200000000002,175.226
2016-04-30,,173.9875,175.226
2016-05-01,,156.84000000000003,175.226
2016-05-02,222.93,156.26666666666668,174.94533333333337
2016-05-03,223.52,222.30000000000004,186.06866666666667
2016-05-04,57.51,167.9866666666667,175.03933333333333
2016-05-05,24.95,132.22750000000002,162.10999999999999
2016-05-06,57.16,117.21400000000001,150.92933333333335
2016-05-07,,90.78500000000001,150.92933333333335
2016-05-08,,46.54000000000001,150.92933333333335
2016-05-09,233.51,105.20666666666666,164.85133333333334
2016-05-10,236.11,175.59333333333336,165.30733333333333
2016-05-11,230.6,233.40666666666667,165.82666666666668
2016-05-12,229.93,232.53750000000002,166.33533333333335
2016-05-13,227.75,231.58,177.82533333333333
2016-05-14,,231.09750000000003,177.82533333333333
2016-05-15,,229.4266666666667,177.82533333333333
2016-05-16,57.38,171.6866666666667,166.48666666666665
2016-05-17,224.28,169.80333333333337,166.41
2016-05-18,223.52,168.39333333333335,166.33466666666666
2016-05-19,221.32,181.625,179.39466666666667
2016-05-20,26.69,150.638,166.47733333333332
2016-05-21,,173.95250000000001,166.47733333333332
2016-05-22,,157.17666666666668,166.47733333333332
2016-05-23,222.17,156.72666666666666,166.42666666666665
2016-05-24,223.49,157.45000000000002,166.42466666666667
2016-05-25,226.0,223.88666666666668,177.65733333333336
2016-05-26,54.8,181.615,179.64733333333334
2016-05-27,55.01,156.294,179.504
2016-05-28,,139.82500000000002,179.504
2016-05-29,,111.93666666666668,179.504
2016-05-30,,54.905000000000015,175.64642857142857
2016-05-31,55.24,55.125000000000014,162.72714285714284
2016-06-01,55.52,55.38000000000002,150.22142857142856
2016-06-02,55.35,55.37000000000001,137.75142857142856
2016-06-03,56.16,55.56750000000001,125.495
2016-06-04,,55.56750000000001,125.495
2016-06-05,,55.67666666666668,125.495
2016-06-06,55.82,55.77666666666668,125.38357142857141
2016-06-07,55.7,55.893333333333345,113.34214285714286
2016-06-08,56.33,55.95000000000001,101.39999999999999
2016-06-09,56.88,56.18250000000001,89.65428571428572
2016-06-10,56.68,56.282000000000004,91.79642857142856
2016-06-11,,56.39750000000001,91.79642857142856
2016-06-12,,56.63,91.79642857142856
2016-06-13,56.92,56.826666666666675,79.99285714285715
2016-06-14,57.29,56.963333333333345,68.12142857142858
2016-06-15,56.52,56.910000000000004,56.01571428571429
2016-06-16,56.78,56.87750000000001,56.15714285714286
2016-06-17,56.89,56.88000000000001,56.291428571428575
2016-06-18,,56.870000000000005,56.291428571428575
2016-06-19,,56.73000000000001,56.291428571428575
2016-06-20,56.82,56.83000000000001,56.326666666666675
2016-06-21,57.03,56.91333333333335,56.446000000000005
2016-06-22,56.69,56.84666666666667,56.523999999999994
2016-06-23,56.42,56.74000000000001,56.595333333333336
2016-06-24,57.22,56.836,56.666000000000004
2016-06-25,,56.84,56.666000000000004
2016-06-26,,56.77666666666667,56.666000000000004
2016-06-27,58.59,57.41000000000002,56.85066666666667
2016-06-28,58.33,58.046666666666674,57.025999999999996
2016-06-29,58.58,58.50000000000001,57.17600000000001
2016-06-30,59.9,58.85000000000001,57.37733333333333
2016-07-01,59.71,59.022000000000006,57.57933333333334
2016-07-02,,59.13,57.57933333333334
2016-07-03,,59.396666666666675,57.57933333333334
2016-07-04,,59.80500000000001,57.626428571428576
2016-07-05,22.33,41.02000000000001,55.12928571428571
2016-07-06,60.24,41.28500000000001,55.394999999999996
2016-07-07,228.76,103.77666666666669,67.67928571428571
2016-07-08,231.33,135.66500000000002,80.13928571428572
2016-07-09,,135.66500000000002,80.13928571428572
2016-07-10,,173.44333333333336,80.13928571428572
2016-07-11,231.33,230.47333333333336,92.60428571428572
2016-07-12,232.07,231.57666666666668,105.10714285714286
2016-07-13,234.26,232.5533333333333,117.7907142857143
2016-07-14,229.54,231.8,130.15642857142856
2016-07-15,226.6,230.76,142.255
2016-07-16,,230.6175,142.255
2016-07-17,,230.13333333333333,142.255
2016-07-18,225.63,227.25666666666666,154.1864285714286
2016-07-19,226.59,226.27333333333334,166.20499999999998
2016-07-20,226.35,226.19000000000003,178.18857142857146
2016-07-21,25.22,175.9475,175.71142857142857
2016-07-22,226.99,186.156,187.66000000000003
2016-07-23,,176.2875,187.66000000000003
2016-07-24,,159.51999999999998,187.66000000000003
2016-07-25,226.4,159.53666666666666,190.24266666666665
2016-07-26,222.73,225.37333333333333,203.60266666666666
2016-07-27,25.24,158.12333333333333,201.26933333333332
2016-07-28,220.59,173.74,200.72466666666665
2016-07-29,233.88,185.768,200.89466666666667
2016-07-30,,175.61,200.89466666666667
2016-07-31,,159.90333333333334,200.89466666666667
2016-08-01,234.62,229.6966666666667,201.114
2016-08-02,24.52,164.34,187.27733333333336
2016-08-03,24.99,94.71000000000002,173.326
2016-08-04,229.51,128.41,173.32399999999998
2016-08-05,230.61,148.85,173.59133333333332
2016-08-06,,127.4075,173.59133333333332
2016-08-07,,161.70333333333335,173.59133333333332
2016-08-08,25.95,162.02333333333334,160.27933333333334
2016-08-09,233.59,163.38333333333335,160.746
2016-08-10,232.71,164.08333333333334,161.17
2016-08-11,228.68,180.23250000000002,174.734
2016-08-12,25.22,149.23000000000002,161.28266666666664
2016-08-13,,180.05,161.28266666666664
2016-08-14,,162.20333333333338,161.28266666666664
2016-08-15,231.65,161.85000000000002,161.6326666666667
2016-08-16,55.47,104.11333333333334,150.482
2016-08-17,228.03,171.71666666666667,164.00133333333332
2016-08-18,25.05,135.05,150.96533333333335
2016-08-19,224.58,152.956,150.34533333333334
2016-08-20,,133.2825,150.34533333333334
2016-08-21,,159.22,150.34533333333334
2016-08-22,224.02,157.88333333333335,149.63866666666667
2016-08-23,224.02,224.2066666666667,162.93866666666665
2016-08-24,25.17,157.73666666666668,162.95066666666665
2016-08-25,25.51,124.68,149.35066666666668
2016-08-26,222.02,144.148,148.778
2016-08-27,,124.18,148.778
2016-08-28,,90.90000000000002,148.778
2016-08-29,26.14,91.22333333333336,148.79066666666668
2016-08-30,225.75,157.97000000000003,148.268
2016-08-31,227.1,159.66333333333333,147.89399999999998
2016-09-01,226.86,176.4625,147.77266666666668
2016-09-02,225.89,186.348,161.15066666666664
2016-09-03,,226.4,161.15066666666664
2016-09-04,,226.61666666666667,161.15066666666664
2016-09-05,,226.375,156.115
2016-09-06,25.96,125.92500000000003,154.00714285714284
2016-09-07,26.11,26.03500000000003,139.58428571428573
2016-09-08,226.83,92.9666666666667,153.99714285714285
2016-09-09,219.97,124.71750000000002,153.66785714285714
2016-09-10,,124.71750000000002,153.66785714285714
2016-09-11,,157.63666666666668,153.66785714285714
2016-09-12,27.2,158.00000000000003,139.60928571428573
2016-09-13,219.0,155.39000000000001,139.25071428571428
2016-09-14,221.02,155.74,153.24
2016-09-15,221.96,172.29500000000002,167.27214285714285
2016-09-16,28.13,143.46200000000002,153.42285714285714
2016-09-17,,172.5275,153.42285714285714
2016-09-18,,157.0366666666667,153.42285714285714
2016-09-19,28.49,92.86000000000001,153.59071428571428
2016-09-20,226.04,94.22000000000003,153.61142857142858
2016-09-21,230.23,161.58666666666667,153.835
2016-09-22,28.5,128.315,139.66642857142855
2016-09-23,230.92,148.836,140.0257142857143
2016-09-24,,178.9225,140.0257142857143
2016-09-25,,163.2166666666667,140.0257142857143
2016-09-26,230.86,163.4266666666667,146.08133333333336
2016-09-27,228.21,229.99666666666667,159.56466666666668
2016-09-28,28.4,162.49000000000004,159.71733333333333
2016-09-29,225.63,178.27500000000003,159.63733333333332
2016-09-30,222.7,187.16000000000003,159.81933333333333
2016-10-01,,176.235,159.81933333333333
2016-10-02,,158.91,159.81933333333333
2016-10-03,217.9,222.07666666666668,172.53266666666664
2016-10-04,217.63,219.41,172.44133333333332
2016-10-05,213.32,216.28333333333333,171.928
2016-10-06,52.72,175.3925,160.64533333333333
2016-10-07,52.44,150.802,162.266
2016-10-08,,134.0275,162.266
2016-10-09,,106.16000000000001,162.266
2016-10-10,212.32,105.82666666666667,174.52133333333333
2016-10-11,210.27,158.34333333333333,173.47
2016-10-12,211.64,211.41,172.23066666666668
2016-10-13,208.57,210.7,184.23533333333336
2016-10-14,208.72,210.304,182.75533333333334
2016-10-15,,209.8,182.75533333333334
2016-10-16,,209.64333333333335,182.75533333333334
2016-10-17,207.27,208.1866666666667,181.18266666666665
2016-10-18,207.7,207.89666666666668,179.8153333333333
2016-10-19,28.48,147.8166666666667,179.82066666666665
2016-10-20,207.5,162.7375,178.612
2016-10-21,206.67,171.524,177.54333333333332
2016-10-22,,162.5875,177.54333333333332
2016-10-23,,147.55,177.54333333333332
2016-10-24,205.35,206.50666666666666,176.70666666666665
2016-10-25,28.09,146.70333333333335,164.07066666666665
2016-10-26,207.48,146.97333333333336,163.68133333333333
2016-10-27,205.85,161.6925,173.89
2016-10-28,209.26,171.206,184.34466666666668
2016-10-29,,162.67,184.34466666666668
2016-10-30,,207.53,184.34466666666668
2016-10-31,28.16,147.7566666666667,172.06733333333332
2016-11-01,28.1,88.50666666666667,159.92266666666666
2016-11-02,215.43,90.56333333333335,160.17533333333333
2016-11-03,218.35,122.51000000000002,160.8273333333333
2016-11-04,27.63,103.53400000000002,148.75466666666668
2016-11-05,,122.37750000000001,148.75466666666668
2016-11-06,,153.80333333333337,148.75466666666668
2016-11-07,220.03,155.33666666666667,149.60533333333333
2016-11-08,222.73,156.79666666666668,150.60733333333332
2016-11-09,216.78,219.8466666666667,163.16066666666666
2016-11-10,31.58,172.78,151.43266666666665
2016-11-11,215.33,181.29000000000002,152.00999999999996
2016-11-12,,171.60500000000002,152.00999999999996
2016-11-13,,154.56333333333336,152.00999999999996
2016-11-14,51.69,99.53333333333335,141.766
2016-11-15,214.79,160.60333333333335,154.21266666666665
2016-11-16,33.27,99.91666666666667,142.59866666666667
2016-11-17,212.69,128.11,143.0546666666667
2016-11-18,212.95,145.078,143.30066666666667
2016-11-19,,168.425,143.30066666666667
2016-11-20,,152.97,143.30066666666667
2016-11-21,210.32,211.98666666666668,155.44466666666665
2016-11-22,52.45,158.57333333333335,157.068
2016-11-23,51.74,104.83666666666669,146.15533333333332
2016-11-24,,104.83666666666669,140.99857142857144
2016-11-25,66.81,95.33000000000001,143.79714285714286
2016-11-26,,57.00000000000002,143.79714285714286
2016-11-27,,59.27500000000003,143.79714285714286
2016-11-28,53.84,60.32500000000002,131.92642857142857
2016-11-29,53.75,58.13333333333335,119.85642857142857
2016-11-30,51.62,53.070000000000014,108.0592857142857
2016-12-01,35.3,48.627500000000005,108.32500000000002
2016-12-02,51.68,49.23800000000001,96.63571428571427
2016-12-03,,48.087500000000006,96.63571428571427
2016-12-04,,46.20000000000001,96.63571428571427
2016-12-05,35.21,40.73000000000001,95.45857142857143
2016-12-06,52.01,46.30000000000001,83.83142857142856
2016-12-07,35.5,40.90666666666667,83.99071428571428
2016-12-08,219.22,85.48500000000001,84.45714285714287
2016-12-09,69.53,82.29400000000001,74.21285714285715
2016-12-10,,94.06500000000001,74.21285714285715
2016-12-11,,108.08333333333333,74.21285714285715
2016-12-12,218.94,169.23,74.82857142857142
2016-12-13,34.92,107.79666666666668,73.57642857142856
2016-12-14,53.07,102.31,73.67142857142856
2016-12-15,53.68,90.1525,72.33866666666667
2016-12-16,54.57,83.036,71.52266666666667
2016-12-17,,49.06,71.52266666666667
2016-12-18,,53.77333333333333,71.52266666666667
2016-12-19,55.07,54.440000000000005,71.60466666666666
2016-12-20,55.26,54.966666666666676,71.70533333333333
2016-12-21,54.95,55.09333333333334,71.92733333333332
2016-12-22,55.44,55.18000000000001,73.27
2016-12-23,55.46,55.23600000000001,73.52199999999999
2016-12-24,,55.27750000000002,73.52199999999999
2016-12-25,,55.28333333333335,73.52199999999999
2016-12-26,,55.45000000000003,76.25857142857141
2016-12-27,55.38,55.420000000000016,76.49928571428572
2016-12-28,54.72,55.05000000000001,77.87214285714286
2016-12-29,55.57,55.223333333333336,66.18285714285715
2016-12-30,55.23,55.22500000000001,65.16142857142857
2016-12-31,,55.22500000000001,65.16142857142857
2017-01-01,,55.173333333333346,65.16142857142857
2017-01-02,,55.40000000000002,53.33230769230769
2017-01-03,55.08,55.155000000000015,54.88307692307693
2017-01-04,73.26,64.17000000000002,56.43615384615384
2017-01-05,36.71,55.01666666666668,55.13076923076923
2017-01-06,233.74,99.69750000000002,68.91307692307693
2017-01-07,,99.69750000000002,68.91307692307693
2017-01-08,,114.57000000000004,68.91307692307693
2017-01-09,54.57,108.34000000000002,68.87461538461538
2017-01-10,36.79,108.36666666666667,67.45384615384616
2017-01-11,55.06,48.80666666666667,67.46230769230769
2017-01-12,55.31,50.432500000000005,67.4523076923077
2017-01-13,228.0,85.946,80.72461538461539
2017-01-14,,93.79,80.72461538461539
2017-01-15,,112.79,80.72461538461539
2017-01-16,,141.655,80.72461538461539
2017-01-17,35.765,131.8825,79.21576923076924
2017-01-18,55.52,45.6425,79.27730769230769
2017-01-19,36.24,42.50833333333333,77.79038461538462
2017-01-20,55.0,45.63125,77.77269230769231
2017-01-21,,45.63125,77.77269230769231
2017-01-22,,48.919999999999995,77.77269230769231
2017-01-23,54.74,48.660000000000004,76.12750000000001
2017-01-24,226.71,112.15000000000002,88.38678571428571
2017-01-25,71.18,117.54333333333334,88.23821428571429
2017-01-26,225.38,144.5025,101.71464285714286
2017-01-27,38.27,123.256,87.75250000000001
2017-01-28,,140.385,87.75250000000001
2017-01-29,,111.60999999999997,87.75250000000001
2017-01-30,54.43,106.02666666666669,87.74249999999999
2017-01-31,37.45,43.38333333333333,87.78964285714287
2017-02-01,71.31,54.39666666666667,88.95035714285713
2017-02-02,34.25,49.36,87.44607142857141
2017-02-03,55.72,50.632,75.14035714285714
2017-02-04,,49.682500000000005,75.14035714285714
2017-02-05,,53.76,75.14035714285714
2017-02-06,34.8,41.589999999999996,72.451
2017-02-07,55.78,48.76666666666667,73.78533333333334
2017-02-08,56.49,49.02333333333333,73.85000000000001
2017-02-09,226.55,93.405,86.53733333333335
2017-02-10,35.56,81.836,85.24133333333334
2017-02-11,,93.595,85.24133333333334
2017-02-12,,106.2,85.24133333333334
2017-02-13,56.49,106.2,85.358
2017-02-14,55.95,49.333333333333336,73.974
2017-02-15,225.43,112.62333333333333,84.25733333333334
2017-02-16,71.78,102.4125,74.01733333333333
2017-02-17,228.1,127.55,86.67266666666666
2017-02-18,,145.315,86.67266666666666
2017-02-19,,175.10333333333332,86.67266666666666
2017-02-20,,149.94,88.97571428571429
2017-02-21,37.29,132.695,88.96428571428571
2017-02-22,37.36,37.325,86.53928571428573
2017-02-23,37.06,37.23666666666667,86.74000000000001
2017-02-24,59.03,42.685,86.97642857142857
2017-02-25,,42.685,86.97642857142857
2017-02-26,,44.48333333333334,86.97642857142857
2017-02-27,75.48,57.19,89.88214285714287
2017-02-28,34.51,56.339999999999996,88.36285714285714
2017-03-01,58.19,56.059999999999995,88.48428571428572
2017-03-02,35.03,50.802499999999995,74.80428571428571
2017-03-03,58.28,52.298,76.42714285714285
2017-03-04,,46.502500000000005,76.42714285714285
2017-03-05,,50.50000000000001,76.42714285714285
2017-03-06,58.35,50.55333333333334,76.55999999999999
2017-03-07,75.0,63.876666666666665,77.92071428571428
2017-03-08,34.89,56.080000000000005,64.31071428571428
2017-03-09,57.38,56.405,63.28214285714286
2017-03-10,35.15,52.153999999999996,49.5
2017-03-11,,50.60499999999999,49.5
2017-03-12,,42.47333333333332,49.5
2017-03-13,35.73,42.75333333333333,48.582
2017-03-14,64.44,45.10666666666666,50.392
2017-03-15,232.13,110.76666666666665,63.376666666666665
2017-03-16,58.54,97.71,64.80866666666667
2017-03-17,75.41,93.25,65.90066666666667
2017-03-18,,107.63,65.90066666666667
2017-03-19,,122.02666666666669,65.90066666666667
2017-03-20,34.91,56.28666666666666,63.196
2017-03-21,59.44,56.586666666666666,64.85799999999999
2017-03-22,33.65,42.666666666666664,63.222
2017-03-23,33.74,40.435,63.135999999999996
2017-03-24,64.25,45.198,63.534
2017-03-25,,47.77,63.534
2017-03-26,,43.88,63.534
2017-03-27,233.46,110.48333333333333,75.208
2017-03-28,34.25,110.65333333333332,72.49133333333333
2017-03-29,59.07,108.92666666666666,74.10333333333334
2017-03-30,34.88,90.41499999999999,72.60333333333332
2017-03-31,58.78,84.088,74.17866666666667
2017-04-01,,46.745000000000005,74.17866666666667
2017-04-02,,50.910000000000004,74.17866666666667
2017-04-03,58.89,50.85,75.72266666666668
2017-04-04,230.97,116.21333333333332,86.82466666666667
2017-04-05,34.17,108.01,73.62733333333333
2017-04-06,59.54,95.89250000000001,73.69399999999999
2017-04-07,233.42,123.398,84.22800000000001
2017-04-08,,139.525,84.22800000000001
2017-04-09,,109.04333333333334,84.22800000000001
2017-04-10,34.24,109.06666666666666,84.18333333333334
2017-04-11,236.79,168.15,96.00666666666666
2017-04-12,59.88,110.30333333333334,97.75533333333334
2017-04-13,233.57,141.12,111.07733333333334
2017-04-14,,141.12,114.42214285714286
2017-04-15,,176.74666666666667,114.42214285714286
2017-04-16,,146.72500000000002,114.42214285714286
2017-04-17,33.83,133.70000000000002,100.16285714285713
2017-04-18,236.94,135.38500000000002,114.64071428571428
2017-04-19,59.64,110.13666666666667,114.68142857142857
2017-04-20,59.44,97.4625,116.43571428571428
2017-04-21,34.55,84.88000000000001,114.705
2017-04-22,,97.64250000000001,114.705
2017-04-23,,51.210000000000015,114.705
2017-04-24,234.25,109.41333333333336,127.23071428571428
2017-04-25,60.0,109.60000000000002,115.0185714285714
2017-04-26,241.03,178.4266666666667,129.79428571428573
2017-04-27,34.86,142.53500000000003,128.03142857142856
2017-04-28,244.47,162.92200000000003,128.82071428571427
2017-04-29,,145.09000000000003,128.82071428571427
2017-04-30,,173.45333333333338,128.82071428571427
2017-05-01,59.14,112.82333333333337,130.5992857142857
2017-05-02,34.81,112.80666666666669,116.17214285714286
2017-05-03,36.03,43.32666666666669,114.46857142857142
2017-05-04,59.49,47.367500000000014,102.03428571428572
2017-05-05,250.37,87.968,111.92333333333333
2017-05-06,,95.17500000000001,111.92333333333333
2017-05-07,,115.29666666666668,111.92333333333333
2017-05-08,249.86,186.57333333333335,126.32533333333335
2017-05-09,35.63,178.62,112.90466666666666
2017-05-10,251.3,178.93000000000004,125.682
2017-05-11,59.48,149.06750000000002,125.68466666666669
2017-05-12,59.88,131.23000000000002,127.37333333333335
2017-05-13,,101.57250000000002,127.37333333333335
2017-05-14,,123.55333333333336,127.37333333333335
2017-05-15,34.98,51.44666666666669,114.08866666666667
2017-05-16,254.33,116.39666666666669,127.044
2017-05-17,60.19,116.50000000000004,114.988
2017-05-18,255.88,151.34500000000003,129.72266666666667
2017-05-19,34.05,127.88600000000001,115.69466666666668
2017-05-20,,151.1125,115.69466666666668
2017-05-21,,116.70666666666666,115.69466666666668
2017-05-22,254.59,181.5066666666667,128.72466666666665
2017-05-23,61.14,116.59333333333336,130.48
2017-05-24,61.41,125.71333333333337,132.172
2017-05-25,61.84,109.74500000000002,132.32866666666666
2017-05-26,61.4,100.07600000000002,119.73066666666666
2017-05-27,,61.44750000000002,119.73066666666666
2017-05-28,,61.55000000000003,119.73066666666666
2017-05-29,,61.62000000000004,110.43571428571428
2017-05-30,61.48,61.440000000000026,112.28214285714286
2017-05-31,62.07,61.77500000000003,98.76571428571428
2017-06-01,62.35,61.96666666666669,98.97071428571428
2017-06-02,62.37,62.06750000000001,99.14857142857143
2017-06-03,,62.06750000000001,99.14857142857143
2017-06-04,,62.26333333333335,99.14857142857143
2017-06-05,62.29,62.33666666666668,101.09928571428573
2017-06-06,62.16,62.27333333333335,87.37285714285714
2017-06-07,62.58,62.343333333333355,87.54357142857144
2017-06-08,62.11,62.28500000000001,73.70285714285716
2017-06-09,62.3,62.28800000000001,75.72071428571428
2017-06-10,,62.287500000000016,75.72071428571428
2017-06-11,,62.33000000000002,75.72071428571428
2017-06-12,62.25,62.22000000000002,61.982142857142854
2017-06-13,62.16,62.236666666666686,62.055
2017-06-14,62.45,62.28666666666668,62.12928571428571
2017-06-15,62.62,62.37000000000001,62.184999999999995
2017-06-16,63.24,62.544000000000004,62.31642857142857
2017-06-17,,62.61750000000001,62.31642857142857
2017-06-18,,62.77000000000001,62.31642857142857
2017-06-19,62.79,62.883333333333354,62.34799999999999
2017-06-20,62.85,62.960000000000015,62.43933333333333
2017-06-21,62.72,62.78666666666668,62.48266666666667
2017-06-22,62.2,62.640000000000015,62.47266666666667
2017-06-23,62.25,62.56200000000001,62.464666666666666
2017-06-24,,62.50500000000002,62.464666666666666
2017-06-25,,62.39000000000002,62.464666666666666
2017-06-26,62.66,62.370000000000026,62.489333333333335
2017-06-27,61.99,62.30000000000001,62.478
2017-06-28,61.23,61.960000000000015,62.388000000000005
2017-06-29,60.7,61.64500000000001,62.294
2017-06-30,60.71,61.45800000000001,62.188
2017-07-01,,61.15750000000002,62.188
2017-07-02,,60.88000000000003,62.188
2017-07-03,261.24,127.55000000000003,75.454
2017-07-04,,160.97500000000005,76.40357142857142
2017-07-05,60.07,160.65500000000006,76.23357142857142
2017-07-06,254.03,191.78000000000006,89.9057142857143
2017-07-07,38.69,153.50750000000002,88.15214285714286
2017-07-08,,117.59666666666669,88.15214285714286
2017-07-09,,117.59666666666669,88.15214285714286
2017-07-10,38.68,110.4666666666667,86.42999999999999
2017-07-11,251.73,109.70000000000005,99.92142857142856
2017-07-12,60.02,116.81000000000004,99.72857142857141
2017-07-13,39.41,97.46000000000002,98.10071428571429
2017-07-14,60.22,90.01200000000003,97.9557142857143
2017-07-15,,102.84500000000003,97.9557142857143
2017-07-16,,53.216666666666704,97.9557142857143
2017-07-17,62.72,54.1166666666667,97.96000000000001
2017-07-18,62.65,61.863333333333365,98.00714285714285
2017-07-19,263.49,129.62000000000003,112.4542857142857
2017-07-20,264.17,163.25750000000005,126.98785714285714
2017-07-21,62.5,143.10600000000005,127.11571428571429
2017-07-22,,163.20250000000004,127.11571428571429
2017-07-23,,196.72000000000006,127.11571428571429
2017-07-24,62.61,129.76000000000005,112.92785714285715
2017-07-25,60.48,61.86333333333337,109.43133333333334
2017-07-26,63.47,62.1866666666667,109.65799999999999
2017-07-27,62.33,62.222500000000025,96.878
2017-07-28,264.66,102.71000000000004,111.94266666666665
2017-07-29,,112.73500000000004,111.94266666666665
2017-07-30,,130.1533333333334,111.94266666666665
2017-07-31,62.64,129.8766666666667,113.54
2017-08-01,62.36,129.8866666666667,100.91533333333334
2017-08-02,61.98,62.3266666666667,101.046
2017-08-03,61.88,62.21500000000003,102.54400000000001
2017-08-04,62.53,62.27800000000002,102.69800000000001
2017-08-05,,62.18750000000003,102.69800000000001
2017-08-06,,62.13000000000003,102.69800000000001
2017-08-07,62.32,62.243333333333375,102.67133333333332
2017-08-08,62.24,62.36333333333337,102.644
2017-08-09,264.66,129.74000000000004,102.72200000000001
2017-08-10,262.53,162.93750000000003,102.61266666666667
2017-08-11,60.82,142.51400000000004,102.50066666666666
2017-08-12,,162.56250000000003,102.50066666666666
2017-08-13,,196.00333333333342,102.50066666666666
2017-08-14,61.31,128.22000000000003,102.414
2017-08-15,62.57,61.5666666666667,102.55333333333334
2017-08-16,62.0,61.960000000000036,102.45533333333334
2017-08-17,61.04,61.73000000000003,102.36933333333333
2017-08-18,260.76,101.53600000000003,102.10933333333334
2017-08-19,,111.59250000000003,102.10933333333334
2017-08-20,,127.93333333333338,102.10933333333334
2017-08-21,264.2,195.33333333333337,115.54666666666665
2017-08-22,265.23,263.3966666666667,129.07133333333334
2017-08-23,267.16,265.53000000000003,142.75
2017-08-24,266.41,265.75,156.3853333333333
2017-08-25,265.65,265.73,169.92666666666668
2017-08-26,,266.11250000000007,169.92666666666668
2017-08-27,,266.4066666666667,169.92666666666668
2017-08-28,266.07,266.04333333333335,183.51000000000002
2017-08-29,264.64,265.4533333333334,197.0033333333333
2017-08-30,61.53,197.41333333333338,183.46133333333333
2017-08-31,265.97,214.55250000000004,183.6906666666667
2017-09-01,62.16,184.074,183.78000000000003
2017-09-02,,163.57500000000005,183.78000000000003
2017-09-03,,129.8866666666667,183.78000000000003
2017-09-04,,164.06500000000005,192.52785714285716
2017-09-05,62.69,62.425000000000054,192.53642857142856
2017-09-06,62.92,62.80500000000006,192.60214285714284
2017-09-07,62.34,62.650000000000034,192.695
2017-09-08,60.67,62.15500000000003,178.40285714285716
2017-09-09,,62.15500000000003,178.40285714285716
2017-09-10,,61.97666666666671,178.40285714285716
2017-09-11,63.67,62.22666666666671,164.07928571428573
2017-09-12,62.64,62.32666666666671,149.60857142857142
2017-09-13,261.18,129.16333333333338,149.18142857142857
2017-09-14,62.34,112.45750000000004,134.605
2017-09-15,62.65,102.49600000000002,120.105
2017-09-16,,112.20250000000003,120.105
2017-09-17,,128.7233333333334,120.105
2017-09-18,260.17,128.3866666666667,119.68357142857143
2017-09-19,61.0,127.94000000000005,105.13785714285714
2017-09-20,256.13,192.4333333333334,119.03785714285716
2017-09-21,63.84,160.28500000000003,104.6
2017-09-22,62.29,140.68600000000004,104.60928571428572
2017-09-23,,110.81500000000004,104.60928571428572
2017-09-24,,127.42000000000006,104.60928571428572
2017-09-25,62.47,62.8666666666667,101.8
2017-09-26,254.91,126.55666666666669,114.61466666666666
2017-09-27,62.96,126.78000000000003,114.61733333333333
2017-09-28,63.07,110.85250000000002,114.666
2017-09-29,254.03,139.488,127.55666666666666
2017-09-30,,158.7425,127.55666666666666
2017-10-01,,126.68666666666668,127.55666666666666
2017-10-02,252.38,189.8266666666667,140.13733333333332
2017-10-03,63.65,190.02,140.20466666666667
2017-10-04,63.98,126.67000000000003,127.058
2017-10-05,257.07,159.27000000000004,140.04
2017-10-06,62.36,139.88800000000003,140.02066666666667
2017-10-07,,111.76500000000004,140.02066666666667
2017-10-08,,127.80333333333338,140.02066666666667
2017-10-09,59.22,126.21666666666671,126.62400000000001
2017-10-10,258.72,126.76666666666671,139.80533333333332
2017-10-11,57.71,125.2166666666667,126.57733333333333
2017-10-12,57.67,108.33000000000003,126.166
2017-10-13,261.82,139.02800000000002,139.468
2017-10-14,,158.98000000000002,139.468
2017-10-15,,125.73333333333336,139.468
2017-10-16,56.81,125.43333333333338,139.09066666666666
2017-10-17,57.21,125.28000000000003,125.91066666666666
2017-10-18,261.21,125.0766666666667,139.12733333333333
2017-10-19,58.75,108.49500000000002,138.83933333333334
2017-10-20,259.34,138.66400000000002,139.19333333333333
2017-10-21,,159.1275,139.19333333333333
2017-10-22,,193.10000000000002,139.19333333333333
2017-10-23,62.97,127.02000000000002,126.56599999999999
2017-10-24,64.05,128.7866666666667,126.59266666666666
2017-10-25,61.16,62.72666666666671,126.40466666666666
2017-10-26,259.65,111.95750000000002,126.57666666666667
2017-10-27,62.19,102.00400000000002,126.56533333333331
2017-10-28,,111.76250000000002,126.56533333333331
2017-10-29,,127.6666666666667,126.56533333333331
2017-10-30,61.35,127.73000000000003,126.70733333333332
2017-10-31,262.43,128.65666666666672,126.95466666666665
2017-11-01,62.32,128.70000000000005,127.262
2017-11-02,253.84,159.98500000000004,140.34
2017-11-03,62.78,140.54400000000004,127.07066666666667
2017-11-04,,160.34250000000003,127.07066666666667
2017-11-05,,126.31333333333338,127.07066666666667
2017-11-06,60.62,125.74666666666671,127.32466666666667
2017-11-07,60.6,61.33333333333337,127.55066666666667
2017-11-08,258.79,126.67000000000003,127.38933333333334
2017-11-09,60.75,110.19000000000004,127.52266666666668
2017-11-10,60.05,100.16200000000003,114.23666666666668
2017-11-11,,110.04750000000004,114.23666666666668
2017-11-12,,126.53000000000004,114.23666666666668
2017-11-13,258.63,126.47666666666673,127.28066666666668
2017-11-14,256.82,191.8333333333334,140.132
2017-11-15,60.05,191.8333333333334,140.058
2017-11-16,253.94,207.36000000000007,139.67733333333334
2017-11-17,61.94,178.27600000000004,139.66066666666669
2017-11-18,,158.18750000000006,139.66066666666669
2017-11-19,,125.31000000000006,139.66066666666669
2017-11-20,61.42,125.76666666666672,139.66533333333334
2017-11-21,252.11,125.15666666666674,138.97733333333335
2017-11-22,62.12,125.21666666666674,138.964
2017-11-23,,125.21666666666674,130.75857142857143
2017-11-24,250.37,156.50500000000005,144.15785714285715
2017-11-25,,188.20000000000007,144.15785714285715
2017-11-26,,156.2450000000001,144.15785714285715
2017-11-27,56.88,153.62500000000009,143.8907142857143
2017-11-28,61.44,122.89666666666672,143.9507142857143
2017-11-29,62.86,60.393333333333395,129.95571428571427
2017-11-30,246.99,107.04250000000005,143.25857142857143
2017-12-01,64.41,98.51600000000003,143.57
2017-12-02,,108.92500000000004,143.57
2017-12-03,,124.75333333333339,143.57
2017-12-04,68.16,126.52000000000005,129.965
2017-12-05,67.84,66.80333333333338,116.46642857142857
2017-12-06,68.57,68.19000000000005,117.075
2017-12-07,55.8,65.09250000000004,102.92214285714286
2017-12-08,68.15,65.70400000000004,103.36571428571429
2017-12-09,,65.09000000000003,103.36571428571429
2017-12-10,,64.17333333333339,103.36571428571429
2017-12-11,68.39,64.11333333333339,103.86357142857143
2017-12-12,68.56,68.36666666666673,90.75285714285714
2017-12-13,68.57,68.50666666666672,91.21357142857143
2017-12-14,69.02,68.63500000000003,89.734
2017-12-15,71.55,69.21800000000003,77.81266666666666
2017-12-16,,69.42500000000004,77.81266666666666
2017-12-17,,69.71333333333338,77.81266666666666
2017-12-18,73.38,71.31666666666672,78.91266666666667
2017-12-19,73.66,72.86333333333339,79.72733333333332
2017-12-20,73.99,73.67666666666672,80.46933333333332
2017-12-21,74.46,73.87250000000003,68.96733333333333
2017-12-22,74.53,74.00400000000003,69.642
2017-12-23,,74.16000000000004,69.642
2017-12-24,,74.32666666666672,69.642
2017-12-25,,74.49500000000009,69.74785714285714
2017-12-26,74.99,74.76000000000008,70.25857142857141
2017-12-27,74.88,74.93500000000009,70.70928571428571
2017-12-28,74.99,74.95333333333339,72.08
2017-12-29,72.04,74.22500000000004,72.35785714285714
